author,title,token_count,type_count,avg_sentence_length,avg_commas_per_sentence,lexical_richness,type_token_ratio,ratio_名詞,ratio_動詞,ratio_形容詞,ratio_副詞,keywords,topics,cluster,pc1,pc2,tsne_x,tsne_y
芥川 竜之介,1_秋_cleaned,1457,910,21.65,1.269,0.1792,0.1792,0.2313,0.1242,0.0152,0.0285,"照子, 従兄, 小説, 一しよ, 自身, 手紙, 話す, 言葉, 返事, 帰る","T0: 甚太夫, 兵衛, 求馬, 左近, 平太郎 | T1: 自身, 友だち, 近い, 眺める, 生活 | T2: 自分, 少年, 照子, 歩く, 往来",1,-0.7066204528149866,0.6915620914249508,-1.4598846,2.3054512
芥川 竜之介,3_あの頃の自分の事_cleaned,2221,1239,28.72,1.859,0.1686,0.1686,0.2366,0.1244,0.014,0.0262,"自分, 松岡, 講義, 大学, 小説, ノオト, 同じ, 先生, 人間, 食ふ","T0: 甚太夫, 兵衛, 求馬, 左近, 平太郎 | T1: 自身, 友だち, 近い, 眺める, 生活 | T2: 自分, 少年, 照子, 歩く, 往来",1,-0.2706219097099201,0.7201486396274771,-1.2729666,2.9013898
芥川 竜之介,5_或敵打の話_cleaned,1488,888,22.94,1.412,0.2086,0.2086,0.2607,0.1315,0.0131,0.0239,"甚太夫, 兵衛, 求馬, 左近, 平太郎, 一行, 瀬沼, 打つ, 城下, 恩地","T0: 甚太夫, 兵衛, 求馬, 左近, 平太郎 | T1: 自身, 友だち, 近い, 眺める, 生活 | T2: 自分, 少年, 照子, 歩く, 往来",1,-0.31266687522064196,1.4088318924627927,-0.8499091,4.8146067
芥川 竜之介,4_或阿呆の一生_cleaned,1697,1022,19.79,0.483,0.1784,0.1784,0.237,0.1186,0.0144,0.0178,"自身, 友だち, 近い, 眺める, 思ひ出す, 生活, 読む, 一度, 言葉, 違ひ","T0: 甚太夫, 兵衛, 求馬, 左近, 平太郎 | T1: 自身, 友だち, 近い, 眺める, 生活 | T2: 自分, 少年, 照子, 歩く, 往来",1,0.08757541098878974,1.4601686719185678,-3.7668056,4.941485
芥川 竜之介,2_浅草公園_cleaned,1090,509,13.76,0.428,0.1744,0.1744,0.2711,0.1353,0.0113,0.0231,"少年, 歩く, 後ろ, 斜め, 飾り窓, 人形, 変る, 往来, むし, 父親","T0: 甚太夫, 兵衛, 求馬, 左近, 平太郎 | T1: 自身, 友だち, 近い, 眺める, 生活 | T2: 自分, 少年, 照子, 歩く, 往来",1,0.008226472676877256,1.1691861359671458,0.4622884,5.484913
梶井 基次郎,2_城のある町にて_cleaned,2266,1339,19.66,0.673,0.1582,0.1582,0.2076,0.1583,0.0167,0.0238,"帰る, ゆく, 笑う, 祖母, 自分, 思える, 歩く, 義兄, 女の子, 高い","T0: 自分, 帰る, ゆく, 青年, 笑う | T1: 自分, 母親, ゆく, 死ぬ, 帰る | T2: 然し, 自分, 言葉, 電車, ゆく",2,-0.9877386658096262,-0.8996091458360435,0.42493317,-4.2495184
梶井 基次郎,5_冬の蠅_cleaned,1391,871,20.95,0.429,0.189,0.189,0.2007,0.1663,0.0173,0.0202,"ゆく, 歩く, 身体, 部屋, 自動車, 風景, 自分, 帰る, 温泉, 落ちる","T0: 自分, 帰る, ゆく, 青年, 笑う | T1: 自分, 母親, ゆく, 死ぬ, 帰る | T2: 然し, 自分, 言葉, 電車, ゆく",2,-1.3646906948137039,-0.7044036762630409,1.1662966,-5.4532013
梶井 基次郎,3_橡の花_cleaned,1250,797,18.91,0.223,0.1691,0.1691,0.1912,0.1445,0.0189,0.021,"然し, 自分, 言葉, 電車, ゆく, 美しい, 笑う, 可愛い, 面白い, 乗る","T0: 自分, 帰る, ゆく, 青年, 笑う | T1: 自分, 母親, ゆく, 死ぬ, 帰る | T2: 然し, 自分, 言葉, 電車, ゆく",2,-1.2156375858211654,-0.34989970666264536,-0.24893622,-2.7770965
梶井 基次郎,4_のんきな患者_cleaned,1898,969,56.21,1.581,0.1207,0.1207,0.2082,0.1625,0.0146,0.0302,"自分, 母親, 死ぬ, 病気, 人間, 寝る, 不安, 悪い, 帰る, 非常","T0: 自分, 帰る, ゆく, 青年, 笑う | T1: 自分, 母親, ゆく, 死ぬ, 帰る | T2: 然し, 自分, 言葉, 電車, ゆく",2,-1.1051564411156038,-1.6576408912387859,-0.37818307,-5.9265532
梶井 基次郎,1_ある崖上の感情_cleaned,1396,802,25.87,0.691,0.1545,0.1545,0.2018,0.1459,0.0169,0.0292,"自分, 青年, 眺める, 部屋, 空想, 崖路, 生島, 秘密, 崖下, 相手","T0: 自分, 帰る, ゆく, 青年, 笑う | T1: 自分, 母親, ゆく, 死ぬ, 帰る | T2: 然し, 自分, 言葉, 電車, ゆく",2,-1.3240387544346746,-0.7709853738451378,-1.7901684,-4.114561
永井 荷風,1_あぢさゐ_cleaned,1535,995,24.53,1.453,0.1971,0.1971,0.2213,0.1437,0.0177,0.028,"わたし, 芸者, 帰る, 逢う, 手前, はなし, 〆る, 兄さん, 小園, 新橋","T0: 致す, 愚僧, 大木, 御座, 大金 | T1: 道子, 電車, 小岩, 毎夜, 帰る | T2: 浮世絵, 描く, わたし, 時代, 至る",2,-1.3023653730426978,0.041647579673832015,-1.8268634,-1.1243392
永井 荷風,2_吾妻橋_cleaned,924,648,31.32,1.549,0.2381,0.2381,0.2692,0.134,0.0164,0.0133,"道子, 電車, 小岩, 毎夜, 吾妻橋, わたし, しまふ, 帰る, 母親, アパト","T0: 致す, 愚僧, 大木, 御座, 大金 | T1: 道子, 電車, 小岩, 毎夜, 帰る | T2: 浮世絵, 描く, わたし, 時代, 至る",1,-0.19663712350232734,2.233167680336564,-6.4847484,6.478062
永井 荷風,5_榎物語_cleaned,1491,961,58.69,4.058,0.2369,0.2369,0.345,0.1322,0.0093,0.0215,"致す, 愚僧, 大木, 御座, 住職, 大金, 知れる, 金子, 満行, 様子","T0: 致す, 愚僧, 大木, 御座, 大金 | T1: 道子, 電車, 小岩, 毎夜, 帰る | T2: 浮世絵, 描く, わたし, 時代, 至る",1,0.7507187996185816,2.9900141890715126,-1.2204477,8.341763
永井 荷風,4_江戸芸術論_cleaned,16825,5309,37.85,0.794,0.1225,0.1225,0.3556,0.1082,0.0101,0.0225,"浮世絵, 描く, 時代, 至る, 板画, 美術, 春信, 絵本, 演劇, 広重","T0: 致す, 愚僧, 大木, 御座, 大金 | T1: 道子, 電車, 小岩, 毎夜, 帰る | T2: 浮世絵, 描く, わたし, 時代, 至る",0,3.6026532144470336,1.8229693466861472,5.080298,4.190138
永井 荷風,3_雨瀟瀟_cleaned,3368,2119,29.32,0.156,0.2336,0.2336,0.3134,0.1294,0.0162,0.0261,"わたし, ヨウ, 芸者, 薗八, 稽古, 小半, 三味線, 御座, 小説, 妾宅","T0: 致す, 愚僧, 大木, 御座, 大金 | T1: 道子, 電車, 小岩, 毎夜, 帰る | T2: 浮世絵, 描く, わたし, 時代, 至る",1,0.1516398847816453,2.10856455300809,-2.0370643,6.994228
三木 清,2_解釈学と修辞学_cleaned,1817,519,29.72,1.09,0.1009,0.1009,0.2765,0.1512,0.0124,0.0157,"修辞学, 言葉, 表現, 論理, 解釈学, 関係, 行為, 思考, 技術, 人間","T0: 哲学, 私たち, 自己, 生活, 懐疑 | T1: ゲテ, 読む, 歴史, 自然, 読書 | T2: 修辞学, 表現, 言葉, 関係, 学問",1,0.6606667103473122,0.2087656201901104,5.1707945,6.940133
三木 清,3_科学批判の課題_cleaned,2948,958,35.17,1.308,0.1136,0.1136,0.2747,0.1416,0.0089,0.0234,"学問, 存在, 関係, 科学, 社会, 意味, アリストテレス, 哲学, 抽象, 自然科学","T0: 哲学, 私たち, 自己, 生活, 懐疑 | T1: ゲテ, 読む, 歴史, 自然, 読書 | T2: 修辞学, 表現, 言葉, 関係, 学問",1,0.6868301207876643,0.2818542032066463,2.7990515,6.480893
三木 清,1_如何に読書すべきか_cleaned,1829,593,26.16,0.763,0.1095,0.1095,0.2336,0.1831,0.0264,0.0219,"読む, 読書, 自分, 必要, 善い, 繰り返す, 古典, 一般的, 教養, 習慣","T0: 哲学, 私たち, 自己, 生活, 懐疑 | T1: ゲテ, 読む, 歴史, 自然, 読書 | T2: 修辞学, 表現, 言葉, 関係, 学問",2,-1.5135393730878077,-1.950012370657284,2.2495975,-6.7919955
三木 清,4_語られざる哲学_cleaned,8259,2332,35.56,1.094,0.0844,0.0844,0.2327,0.1554,0.0225,0.0168,"哲学, 私たち, 自己, 生活, 懐疑, 語る, 求める, 言葉, 活動, 永遠","T0: 哲学, 私たち, 自己, 生活, 懐疑 | T1: ゲテ, 読む, 歴史, 自然, 読書 | T2: 修辞学, 表現, 言葉, 関係, 学問",2,0.2820178772346094,-1.2979433949282013,3.5020616,-0.9211727
三木 清,5_ゲーテに於ける自然と歴史_cleaned,4687,1349,28.02,1.19,0.0971,0.0971,0.2631,0.1288,0.0123,0.0191,"ゲテ, 歴史, 自然, 意味, 歴史的, 人間, 概念, 自己, 或る, 発展","T0: 哲学, 私たち, 自己, 生活, 懐疑 | T1: ゲテ, 読む, 歴史, 自然, 読書 | T2: 修辞学, 表現, 言葉, 関係, 学問",1,1.0239896037177185,0.4459396390192345,3.338162,5.3479
坂口 安吾,5_アンゴウ_cleaned,1643,883,26.86,1.729,0.1683,0.1683,0.2232,0.1426,0.0176,0.0199,"矢島, タカ, 神尾, 暗号, 蔵書, 自分, 然し, 出征, 失明, 売る","T0: ノブ子, 田代, 浮気, 好き, 人間 | T1: 知れる, 自分, 蕗子, 人間, でる | T2: 矢島, タカ, 神尾, 暗号, 蔵書",2,-0.6763979563007367,0.19082682720411784,0.034207255,-1.4625533
坂口 安吾,2_青鬼の褌を洗う女_cleaned,5569,2485,33.65,2.221,0.1199,0.1199,0.2023,0.1323,0.0214,0.0241,"ノブ子, 田代, 浮気, 好き, 人間, 自分, 死ぬ, すぎる, 口説く, あげる","T0: ノブ子, 田代, 浮気, 好き, 人間 | T1: 知れる, 自分, 蕗子, 人間, でる | T2: 矢島, タカ, 神尾, 暗号, 蔵書",2,-0.3436113903461031,-0.7940297379523088,-3.594839,-1.69819
坂口 安吾,4_雨宮紅庵_cleaned,2190,1192,48.79,1.986,0.1524,0.1524,0.2208,0.1401,0.0211,0.0274,"蕗子, 雨宮, 自分, 生活, 様子, 考へる, 言葉, とにかく, 考ふ, 自身","T0: ノブ子, 田代, 浮気, 好き, 人間 | T1: 知れる, 自分, 蕗子, 人間, でる | T2: 矢島, タカ, 神尾, 暗号, 蔵書",2,-1.0979312612968457,-0.39880351181345136,-2.4138267,-2.5294356
坂口 安吾,1_青い絨毯_cleaned,1523,943,27.09,1.553,0.2094,0.2094,0.2342,0.146,0.0209,0.0243,"葛巻, 暗い, 部屋, 絨毯, 思い, 歩く, 令嬢, 借金, 良い, 徹夜","T0: ノブ子, 田代, 浮気, 好き, 人間 | T1: 知れる, 自分, 蕗子, 人間, でる | T2: 矢島, タカ, 神尾, 暗号, 蔵書",2,-1.3154636180581032,0.3850931177440076,-4.8278036,1.2292423
坂口 安吾,3_明日は天気になれ_cleaned,18271,6689,28.05,1.284,0.1068,0.1068,0.2482,0.1389,0.0184,0.0207,"知れる, 自分, 人間, ゴルフ, 食う, でる, 清源, 戦争, 多い, 対局","T0: ノブ子, 田代, 浮気, 好き, 人間 | T1: 知れる, 自分, 蕗子, 人間, でる | T2: 矢島, タカ, 神尾, 暗号, 蔵書",0,2.136243380786087,-1.0914062933520519,6.6191044,1.2094015
横光 利一,4_機械_cleaned,2960,1198,57.15,0.922,0.1118,0.1118,0.185,0.1677,0.0197,0.0316,"軽部, 屋敷, 主人, 仕事, 殴る, 自分, 暗室, 這入る, 細君, 私たち","T0: 自分, 辰子, 軽部, 氣持ち, 屋敷 | T1: 笑う, 自分, 直ぐ, 帰る, 死ぬ | T2: パリ, 人間, 美しい, 人々, 歩く",2,-1.6641951781463247,-2.4590759596891374,-0.06697632,-6.6987553
横光 利一,3_悲しみの代価_cleaned,7154,2007,22.64,0.725,0.0664,0.0664,0.2072,0.137,0.015,0.0317,"自分, 辰子, 氣持ち, 手紙, 愛する, 直ぐ, 歩く, 暫く, 矢張り, もし","T0: 自分, 辰子, 軽部, 氣持ち, 屋敷 | T1: 笑う, 自分, 直ぐ, 帰る, 死ぬ | T2: パリ, 人間, 美しい, 人々, 歩く",2,-0.022207685217994367,-1.6949473623970281,-5.897045,-4.057879
横光 利一,2_御身_cleaned,1431,810,17.57,0.597,0.1509,0.1509,0.1831,0.1571,0.0174,0.0306,"笑う, 自分, 直ぐ, 帰る, 赤子, 死ぬ, 泣く, 子供, 黙る, 大きい","T0: 自分, 辰子, 軽部, 氣持ち, 屋敷 | T1: 笑う, 自分, 直ぐ, 帰る, 死ぬ | T2: パリ, 人間, 美しい, 人々, 歩く",2,-1.745462307462192,-1.5235054206793492,-1.227664,-5.3182073
横光 利一,1_欧洲紀行_cleaned,14237,5129,20.12,0.921,0.1042,0.1042,0.2566,0.1395,0.018,0.0184,"パリ, 人間, 美しい, 人々, 歩く, 帰る, 良い, フランス, ヨロッパ, 廻る","T0: 自分, 辰子, 軽部, 氣持ち, 屋敷 | T1: 笑う, 自分, 直ぐ, 帰る, 死ぬ | T2: パリ, 人間, 美しい, 人々, 歩く",0,1.8019457645952877,-0.6471424172292202,6.893101,1.0566431
横光 利一,5_罌粟の中_cleaned,2244,1253,33.57,1.849,0.1737,0.1737,0.229,0.143,0.016,0.0263,"ヨハン, 自分, ハンガリヤ, イレネ, ダニュブ, 踊子, 罌粟, ホテル, 部屋, 案内","T0: 自分, 辰子, 軽部, 氣持ち, 屋敷 | T1: 笑う, 自分, 直ぐ, 帰る, 死ぬ | T2: パリ, 人間, 美しい, 人々, 歩く",2,-0.7673409729799243,-0.015008630782533889,-1.1312007,-0.98477936
谷崎 潤一郎,3_鍵_cleaned,14895,5901,27.43,1.57,0.1218,0.1218,0.3295,0.1185,0.0127,0.0209,"敏子, 自分, 日記, 病人, 思る, シテ, 時間, ソノ, 知れる, 午後","T0: 自分, わたし, 秀次, 順慶, 関白 | T1: 西洋, 白い, 暗い, 座敷, あゝ | T2: 敏子, 自分, 日記, 病人, 思る",0,3.1541042078298487,1.1240603337634647,5.4548655,3.9374306
谷崎 潤一郎,1_蘆刈_cleaned,4638,2537,81.84,1.894,0.1418,0.1418,0.2019,0.1596,0.0175,0.0261,"わたし, 自分, さま, 子供, もらう, 夫婦, しず, ゆう, ふう, 叔母","T0: 自分, わたし, 秀次, 順慶, 関白 | T1: 西洋, 白い, 暗い, 座敷, あゝ | T2: 敏子, 自分, 日記, 病人, 思る",2,-0.7309414045543824,-1.507507459692096,1.1106284,-4.2942467
谷崎 潤一郎,5_聞書抄_cleaned,11647,4966,75.72,5.483,0.1208,0.1208,0.2419,0.1442,0.0128,0.0189,"秀次, 自分, 順慶, 関白, 乳母, 太閤, 愚僧, 盲人, 治部, 存ずる","T0: 自分, わたし, 秀次, 順慶, 関白 | T1: 西洋, 白い, 暗い, 座敷, あゝ | T2: 敏子, 自分, 日記, 病人, 思る",0,1.641440033308176,-0.6649775083422641,7.4448943,0.6097079
谷崎 潤一郎,2_陰翳礼讃_cleaned,4785,2328,46.83,3.005,0.1447,0.1447,0.2305,0.1376,0.0259,0.0254,"西洋, 白い, 暗い, 座敷, あゝ, 陰翳, 電燈, 明るい, 時代, 光線","T0: 自分, わたし, 秀次, 順慶, 関白 | T1: 西洋, 白い, 暗い, 座敷, あゝ | T2: 敏子, 自分, 日記, 病人, 思る",2,-0.7368441398852889,-0.45002576646243153,-5.619053,-0.95991606
谷崎 潤一郎,4_紀伊国狐憑漆掻語_cleaned,981,597,53.47,3.75,0.1544,0.1544,0.1825,0.1581,0.0124,0.0317,"ガタロ, 寝る, 帰る, 引っ張る, 這入る, 上る, 小男, かかる, いける, 小便","T0: 自分, わたし, 秀次, 順慶, 関白 | T1: 西洋, 白い, 暗い, 座敷, あゝ | T2: 敏子, 自分, 日記, 病人, 思る",2,-1.579571397422115,-1.4485338518953448,-1.2158848,-5.939288
国木田 独歩,1_運命論者_cleaned,2347,1118,29.75,1.452,0.1399,0.1399,0.2079,0.1315,0.0154,0.0232,"自分, 貴様, 里子, 運命, 如何, 秘密, 怨霊, 話す, 言葉, 事実","T0: 自分, 叔父, 人々, 幸助, 語る | T1: 岡本, 少女, 馬鈴薯, 言葉, 笑う | T2: 自分, 貴様, 里子, 運命, 如何",2,-0.43561250477139857,-0.0911558463119825,-0.1439879,-0.3250941
国木田 独歩,5_源おじ_cleaned,1904,1057,25.01,0.99,0.208,0.208,0.283,0.1542,0.0258,0.0188,"叔父, 人々, 幸助, 言葉, 教師, 語る, 若者, 城下, 乞食, 帰る","T0: 自分, 叔父, 人々, 幸助, 語る | T1: 岡本, 少女, 馬鈴薯, 言葉, 笑う | T2: 自分, 貴様, 里子, 運命, 如何",1,-0.9226043742911955,0.8777289052985136,-7.7941737,2.0061347
国木田 独歩,3_おとずれ_cleaned,2151,1156,35.67,1.673,0.1811,0.1811,0.2438,0.1506,0.0256,0.0309,"言葉, 宮本, 来たる, さま, 早い, 少女, 笑う, ながめる, 叔母, 報酬","T0: 自分, 叔父, 人々, 幸助, 語る | T1: 岡本, 少女, 馬鈴薯, 言葉, 笑う | T2: 自分, 貴様, 里子, 運命, 如何",2,-1.6874291449374816,-0.3975744304960122,-2.7739615,-8.04876
国木田 独歩,2_画の悲み_cleaned,644,382,37.73,2.078,0.2279,0.2279,0.2677,0.1337,0.013,0.028,"自分, 少年, チヨク, 生徒, 寫生, 學校, 水車, 村落, 好き, 鉛筆","T0: 自分, 叔父, 人々, 幸助, 語る | T1: 岡本, 少女, 馬鈴薯, 言葉, 笑う | T2: 自分, 貴様, 里子, 運命, 如何",1,-0.7643429728397501,1.5147760433582427,-1.1289867,4.8940477
国木田 独歩,4_牛肉と馬鈴薯_cleaned,2219,1185,41.26,1.825,0.1692,0.1692,0.2188,0.1306,0.0172,0.0296,"岡本, 馬鈴薯, 少女, 近藤, 牛肉, 綿貫, 松木, 真面目, 不思議, 馬鹿","T0: 自分, 叔父, 人々, 幸助, 語る | T1: 岡本, 少女, 馬鈴薯, 言葉, 笑う | T2: 自分, 貴様, 里子, 運命, 如何",2,-0.9460745771911203,0.05672712262992058,-1.8818521,0.57389826
夢野 久作,3_いなか、の、じけん_cleaned,6006,2920,33.06,1.676,0.1489,0.1489,0.2311,0.1454,0.0161,0.0242,"巡査, 帰る, 若い, 赤い, 這入る, 西村, 子供, 文作, 青年, 女房","T0: 御座る, 悪魔, 聖書, 先生, 読む | T1: 筆者, 稽古, 船長, 舞台, 小僧 | T2: 先生, 若い, 未亡人, 帰る, 巡査",2,0.06641051621635556,-0.508581165428033,1.3668059,-2.246635
夢野 久作,2_あやかしの鼓_cleaned,5158,2426,24.19,0.429,0.1257,0.1257,0.212,0.1446,0.0205,0.0247,"先生, 未亡人, 若い, 打つ, あやかし, 久能, 御座る, おれ, 両手, 死ぬ","T0: 御座る, 悪魔, 聖書, 先生, 読む | T1: 筆者, 稽古, 船長, 舞台, 小僧 | T2: 先生, 若い, 未亡人, 帰る, 巡査",2,-0.45450793631870706,-1.0224894994888365,2.2414248,-2.2384295
夢野 久作,4_梅津只円翁伝_cleaned,11288,4844,31.35,1.222,0.1399,0.1399,0.2958,0.1286,0.0137,0.0188,"筆者, 稽古, 舞台, 能楽, 謡う, 明治, 先生, シテ, 通り, 門下","T0: 御座る, 悪魔, 聖書, 先生, 読む | T1: 筆者, 稽古, 船長, 舞台, 小僧 | T2: 先生, 若い, 未亡人, 帰る, 巡査",0,2.1733050768185396,0.8044976585346868,5.825689,3.7588565
夢野 久作,5_難船小僧_cleaned,3340,1788,23.03,0.75,0.1822,0.1822,0.2367,0.1278,0.0171,0.0268,"船長, 小僧, 石炭, 少年, 運転手, アラスカ, 連中, 親方, 甲板, 機関室","T0: 御座る, 悪魔, 聖書, 先生, 読む | T1: 筆者, 稽古, 船長, 舞台, 小僧 | T2: 先生, 若い, 未亡人, 帰る, 巡査",1,-0.45516073251767236,0.5756326954776662,-2.1365955,1.9792849
夢野 久作,1_悪魔祈祷書_cleaned,2002,1163,23.06,0.807,0.2034,0.2034,0.2355,0.1281,0.0167,0.0252,"御座る, 悪魔, 先生, 聖書, 読む, 通り, 文句, ヘエヘエ, 致す, 自分","T0: 御座る, 悪魔, 聖書, 先生, 読む | T1: 筆者, 稽古, 船長, 舞台, 小僧 | T2: 先生, 若い, 未亡人, 帰る, 巡査",1,-0.7086733497706795,0.9614136665461629,-2.4056766,2.7319353
宮沢 賢治,2_イギリス海岸_cleaned,1350,724,28.28,1.308,0.1631,0.1631,0.2146,0.1265,0.0222,0.0352,"私たち, 海岸, イギリス, 泥岩, 大きな, 火山, 救助, 泳ぐ, 下流, 生徒","T0: ぼく, あまがえる, 先生, とのさまがえる, 団長 | T1: ホモイ, お父さん, 私たち, 海岸, 泣く | T2: 先生, 年生, 又三郎, 耕助, 叫ぶ",2,-1.6813362026083332,-0.2185334572283239,-4.7792735,-6.7060432
宮沢 賢治,3_風の又三郎_cleaned,3683,1355,17.59,0.725,0.0985,0.0985,0.1902,0.1371,0.0175,0.043,"先生, 年生, 又三郎, 耕助, 叫ぶ, はいる, うしろ, 佐太郎, 教室, 向こう","T0: ぼく, あまがえる, 先生, とのさまがえる, 団長 | T1: ホモイ, お父さん, 私たち, 海岸, 泣く | T2: 先生, 年生, 又三郎, 耕助, 叫ぶ",2,-1.4906999705424975,-2.010024622291307,-5.9779577,-5.504192
宮沢 賢治,1_或る農学生の日誌_cleaned,1418,781,19.45,0.219,0.1752,0.1752,0.2385,0.1307,0.0188,0.0326,"ぼく, 先生, 学校, 実習, ほんとう, 武田, 年生, 面白い, 去年, 仕事","T0: ぼく, あまがえる, 先生, とのさまがえる, 団長 | T1: ホモイ, お父さん, 私たち, 海岸, 泣く | T2: 先生, 年生, 又三郎, 耕助, 叫ぶ",2,-1.1892629282519143,0.26720018648642935,-2.0675476,0.5164377
宮沢 賢治,4_貝の火_cleaned,1772,770,16.85,0.705,0.1261,0.1261,0.1799,0.1399,0.0171,0.0379,"ホモイ, お父さん, 泣く, むぐら, お母さん, 野原, 鈴蘭, 向こう, りす, 走る","T0: ぼく, あまがえる, 先生, とのさまがえる, 団長 | T1: ホモイ, お父さん, 私たち, 海岸, 泣く | T2: 先生, 年生, 又三郎, 耕助, 叫ぶ",2,-1.7453771321838314,-1.5853608425647991,-5.050652,-5.3133063
宮沢 賢治,5_カイロ団長_cleaned,1192,612,13.52,0.735,0.1677,0.1677,0.1972,0.1238,0.0205,0.0417,"あまがえる, とのさまがえる, 団長, カイロ, 仕事, 早い, 運ぶ, さま, 勘定, つぶ","T0: ぼく, あまがえる, 先生, とのさまがえる, 団長 | T1: ホモイ, お父さん, 私たち, 海岸, 泣く | T2: 先生, 年生, 又三郎, 耕助, 叫ぶ",2,-2.1100792533391637,-0.5668374521817012,-5.6857324,-6.6797876
戸坂 潤,4_エマヌエル・カント『自然哲学原理』解説_cleaned,5869,1153,28.69,0.817,0.0684,0.0684,0.2813,0.1415,0.0119,0.0183,"運動, 物質, 空間, カント, 物体, 自然, 吾々, 形而上学, 作用, 経験","T0: 問題, 概念, 運動, 歴史的, 理論 | T1: 引用, 精神, 科学的, 文献, 現実 | T2: 意識, 社会, イデオロギ, 社会学, 文化",1,1.2976252573050144,-0.02479081512608097,5.4270515,6.107438
戸坂 潤,2_イデオロギーの論理学_cleaned,20429,2292,31.94,1.392,0.0376,0.0376,0.2754,0.1365,0.0123,0.0223,"問題, 概念, 歴史的, 理論, 性格, 立場, 科学, 論理, 真理, 事物","T0: 問題, 概念, 運動, 歴史的, 理論 | T1: 引用, 精神, 科学的, 文献, 現実 | T2: 意識, 社会, イデオロギ, 社会学, 文化",0,2.274435428675273,-0.9438144934865496,7.890711,4.0988283
戸坂 潤,5_科学的精神とは何か_cleaned,1827,744,33.89,1.737,0.1547,0.1547,0.2922,0.1185,0.0146,0.024,"引用, 精神, 科学的, 文献, 現実, 公式, 意味, 科学, 認識, 自然科学","T0: 問題, 概念, 運動, 歴史的, 理論 | T1: 引用, 精神, 科学的, 文献, 現実 | T2: 意識, 社会, イデオロギ, 社会学, 文化",1,0.39387020737014866,1.6662273200412436,-0.15557458,6.806758
戸坂 潤,1_イデオロギー概論_cleaned,26434,3086,34.75,1.631,0.0394,0.0394,0.2868,0.1224,0.0101,0.0234,"意識, 社会, イデオロギ, 社会学, 文化, 歴史的, 概念, 問題, 科学, 階級","T0: 問題, 概念, 運動, 歴史的, 理論 | T1: 引用, 精神, 科学的, 文献, 現実 | T2: 意識, 社会, イデオロギ, 社会学, 文化",0,3.1548794993667886,-0.5275988910961379,7.937953,3.484507
戸坂 潤,3_所謂批評の「科学性」についての考察_cleaned,1762,656,28.45,1.45,0.1321,0.1321,0.2592,0.1384,0.0155,0.0268,"印象, 批評, 科学的, 批評家, システム, 文芸, 追跡, 意味, 芸術, 抽象","T0: 問題, 概念, 運動, 歴史的, 理論 | T1: 引用, 精神, 科学的, 文献, 現実 | T2: 意識, 社会, イデオロギ, 社会学, 文化",1,-0.2992948343563202,0.1558796549917148,0.19429941,1.6969507
堀 辰雄,2_曠野_cleaned,1158,703,30.34,1.611,0.1582,0.1582,0.1952,0.146,0.0166,0.034,"自分, 郡司, 息子, 変る, 思い, 逢う, 殆ど, 往く, 合せ, 通う","T0: 自分, ボオイ, ホテル, 郡司, 息子 | T1: 自分, 少女, 小さな, 私たち, 或る | T2: 作品, 小説, 藝術, 大正, 自身",2,-1.682765130150369,-1.0285431538511012,-2.6937335,-5.152411
堀 辰雄,5_姨捨_cleaned,1270,743,35.19,2.247,0.1624,0.1624,0.2035,0.1452,0.0202,0.0294,"少女, 自分, 物語, 思い出す, 女房, 一しょ, 父母, 屋形, 往る, 宮仕え","T0: 自分, ボオイ, ホテル, 郡司, 息子 | T1: 自分, 少女, 小さな, 私たち, 或る | T2: 作品, 小説, 藝術, 大正, 自身",2,-1.6011843927554301,-0.704143630623077,-2.1926844,-3.677908
堀 辰雄,3_美しい村_cleaned,5313,2083,42.04,2.293,0.0983,0.0983,0.1822,0.1408,0.0159,0.0345,"小さな, 自分, 私たち, 或る, 少女, 野薔薇, 歩く, 認める, 水車, すっかり","T0: 自分, ボオイ, ホテル, 郡司, 息子 | T1: 自分, 少女, 小さな, 私たち, 或る | T2: 作品, 小説, 藝術, 大正, 自身",2,-0.8091051700627069,-1.9265936835295325,-5.396359,-4.5902333
堀 辰雄,4_エトランジェ_cleaned,1197,699,27.04,0.813,0.1894,0.1894,0.2458,0.1285,0.0114,0.0302,"ボオイ, ホテル, 帽子, 部屋, 紳士, 自分, 轉車, 西洋, 食堂, 輕井","T0: 自分, ボオイ, ホテル, 郡司, 息子 | T1: 自分, 少女, 小さな, 私たち, 或る | T2: 作品, 小説, 藝術, 大正, 自身",1,-0.5779565775580063,0.8678743852864456,-0.57931095,3.657173
堀 辰雄,1_芥川竜之介論_cleaned,4790,1696,28.31,1.176,0.1079,0.1079,0.2545,0.1245,0.0151,0.0195,"作品, 小説, 藝術, 大正, 自身, クリスト, 人間, 歴史, 對す, 作家","T0: 自分, ボオイ, ホテル, 郡司, 息子 | T1: 自分, 少女, 小さな, 私たち, 或る | T2: 作品, 小説, 藝術, 大正, 自身",1,0.8048782763497236,0.48402186056707375,2.8886178,4.834197
和辻 哲郎,2_孔子_cleaned,11643,3114,27.92,1.237,0.0828,0.0828,0.269,0.1486,0.0135,0.0193,"孔子, 論語, 弟子, 文化, 教師, 子路, 問題, 人類, ソクラテス, イエス","T0: 信者, 宣教師, 京都, 会堂, キリシタン | T1: 孔子, 時代, 文化, 美しい, 観音 | T2: 漱石, 連中, 父親, 態度, 夫人",0,1.585453500964014,-0.7067198037111614,6.8717847,4.9497857
和辻 哲郎,1_埋もれた日本_cleaned,3416,1707,30.36,1.802,0.1547,0.1547,0.2638,0.1502,0.014,0.0174,"時代, 物語, 民衆, 大将, 武士, 説く, 非常, 思想, したがう, 応永","T0: 信者, 宣教師, 京都, 会堂, キリシタン | T1: 孔子, 時代, 文化, 美しい, 観音 | T2: 漱石, 連中, 父親, 態度, 夫人",1,0.3750814312043623,0.37907106265802193,4.1954465,7.223995
和辻 哲郎,5_漱石の人物_cleaned,1706,895,29.84,1.661,0.164,0.164,0.2335,0.1492,0.0181,0.0271,"漱石, 連中, 父親, 態度, 夫人, 書斎, 若い, 廊下, すわる, 木曜","T0: 信者, 宣教師, 京都, 会堂, キリシタン | T1: 孔子, 時代, 文化, 美しい, 観音 | T2: 漱石, 連中, 父親, 態度, 夫人",2,-1.041932651785445,-0.3030808883727928,-1.3943833,-2.095757
和辻 哲郎,4_鎖国_cleaned,74630,11515,28.42,1.25,0.0482,0.0482,0.2862,0.1339,0.0096,0.0164,"信者, 宣教師, 京都, 会堂, フロイス, キリシタン, 領主, トルレス, 非常, キリスト教","T0: 信者, 宣教師, 京都, 会堂, キリシタン | T1: 孔子, 時代, 文化, 美しい, 観音 | T2: 漱石, 連中, 父親, 態度, 夫人",0,7.796742226142272,-2.580261488797909,4.6272306,2.3773494
和辻 哲郎,3_古寺巡礼_cleaned,23111,6131,26.92,1.079,0.0803,0.0803,0.257,0.1347,0.023,0.0212,"時代, 美しい, 観音, インド, われわれ, 感じ, 芸術, 印象, 文化, シナ","T0: 信者, 宣教師, 京都, 会堂, キリシタン | T1: 孔子, 時代, 文化, 美しい, 観音 | T2: 漱石, 連中, 父親, 態度, 夫人",0,2.224959881450029,-1.2923606200298892,6.1879435,1.2385147
夏目 漱石,4_硝子戸の中_cleaned,6769,2911,28.46,1.21,0.1061,0.1061,0.1997,0.1489,0.0156,0.0303,"自分, 死ぬ, 言葉, 解る, 帰る, 病気, 記憶, 相手, 答える, 通り","T0: 自分, ランスロット, 帰る, 死ぬ, 言葉 | T1: 自分, 大きな, 先生, 知れる, 読む | T2: 自分, 死ぬ, 病気, 寝る, 読む",2,-0.2799496062461619,-1.807392928849236,2.3999376,-4.807599
夏目 漱石,3_薤露行_cleaned,3135,1664,22.92,1.082,0.1832,0.1832,0.2608,0.1556,0.0269,0.0161,"ランスロット, シャロット, エレン, ギニヴィア, 白し, 騎士, 長し, 高し, 去る, 帰る","T0: 自分, ランスロット, 帰る, 死ぬ, 言葉 | T1: 自分, 大きな, 先生, 知れる, 読む | T2: 自分, 死ぬ, 病気, 寝る, 読む",2,-0.7361018809084161,0.2795944264501458,-7.9573245,2.082251
夏目 漱石,1_永日小品_cleaned,7136,2977,21.2,1.153,0.1172,0.1172,0.2269,0.1565,0.0203,0.0287,"自分, 先生, 大きな, 帰る, 部屋, 黒い, 寝る, 眺める, 這入る, 高い","T0: 自分, ランスロット, 帰る, 死ぬ, 言葉 | T1: 自分, 大きな, 先生, 知れる, 読む | T2: 自分, 死ぬ, 病気, 寝る, 読む",2,-0.37822804112276387,-1.62200462034359,3.1380525,-3.8870354
夏目 漱石,2_思い出す事など_cleaned,8821,3680,28.42,1.19,0.1252,0.1252,0.2389,0.1492,0.0207,0.0278,"自分, 死ぬ, 寝る, 病気, 読む, 心持, 生活, 想像, 過ぎる, 帰る","T0: 自分, ランスロット, 帰る, 死ぬ, 言葉 | T1: 自分, 大きな, 先生, 知れる, 読む | T2: 自分, 死ぬ, 病気, 寝る, 読む",2,0.06417438478099934,-1.2047082227400576,3.6409388,-3.396598
夏目 漱石,5_草枕_cleaned,12035,4742,21.97,1.302,0.1097,0.1097,0.2247,0.1414,0.0202,0.0274,"知れる, 和尚, 面白い, 読む, 落ちる, 老人, 景色, 人間, ちょっと, ええ","T0: 自分, ランスロット, 帰る, 死ぬ, 言葉 | T1: 自分, 大きな, 先生, 知れる, 読む | T2: 自分, 死ぬ, 病気, 寝る, 読む",2,0.5941038128342839,-1.4533495659507754,4.4056697,-2.6897593
太宰 治,4_ヴィヨンの妻_cleaned,2506,1317,45.31,4.474,0.134,0.134,0.1817,0.1274,0.018,0.0287,"坊や, 奥さん, 帰る, お金, 飲む, ひとり, 亭主, 笑う, 先生, お客","T0: 博士, 奥さん, ひとり, 坊や, 飲む | T1: さま, 将軍家, 相州, 様子, 和田 | T2: おれ, 作品, 歩く, 旅行, 小説",2,-1.0172025326328828,-0.6988256316309751,-4.26548,-3.6507597
太宰 治,2_『井伏鱒二選集』後記_cleaned,1385,886,30.91,2.656,0.1937,0.1937,0.2217,0.1255,0.0149,0.0228,"作品, 旅行, 小説, 生活, 作家, 早稲田, 選集, 界隈, 文学, 所謂","T0: 博士, 奥さん, ひとり, 坊や, 飲む | T1: さま, 将軍家, 相州, 様子, 和田 | T2: おれ, 作品, 歩く, 旅行, 小説",1,-0.6006185709109383,0.9578022820977099,-2.189037,3.3312302
太宰 治,3_陰火_cleaned,1909,1219,15.98,0.784,0.1932,0.1932,0.2178,0.1283,0.021,0.0258,"おれ, 歩く, 友人, 部屋, 黒い, 如來, 住職, 笑ひ, 死ぬ, 煙草","T0: 博士, 奥さん, ひとり, 坊や, 飲む | T1: さま, 将軍家, 相州, 様子, 和田 | T2: おれ, 作品, 歩く, 旅行, 小説",2,-1.1401199480774231,0.4926268508269157,-3.7788265,0.88916814
太宰 治,1_愛と美について_cleaned,1838,1176,17.83,2.099,0.1995,0.1995,0.1922,0.1309,0.0211,0.0346,"博士, 末弟, ひとり, 長兄, 物語, 数学, ハンケチ, あたし, 弟妹, すぎる","T0: 博士, 奥さん, ひとり, 坊や, 飲む | T1: さま, 将軍家, 相州, 様子, 和田 | T2: おれ, 作品, 歩く, 旅行, 小説",2,-1.9560253082159322,-0.2838597146316501,-4.314083,-6.514531
太宰 治,5_右大臣実朝_cleaned,18601,5829,66.04,5.752,0.0949,0.0949,0.2621,0.1104,0.0145,0.0231,"さま, 将軍家, 相州, 様子, 和田, 左衛門尉, 於く, 入道, 給ふ, 申し上げる","T0: 博士, 奥さん, ひとり, 坊や, 飲む | T1: さま, 将軍家, 相州, 様子, 和田 | T2: おれ, 作品, 歩く, 旅行, 小説",0,2.688193749376142,-0.005548906919702995,6.3691587,2.776466
西田 幾多郎,3_デカルト哲学について_cleaned,3000,570,23.43,1.168,0.0672,0.0672,0.2728,0.1475,0.0158,0.01,"自己, 哲学, 自身, 実在, 世界, 立場, 自覚, デカルト, 論理, 存在","T0: 自己, 世界, 矛盾, 同一, 作る | T1: 一旦, 欠ける, 仕事, できるだけ, 根源 | T2: 意識, 統一, 自己, 経験, 実在",1,1.0263125407367224,0.09337430636288509,6.2046165,7.2148986
西田 幾多郎,1_絶対矛盾的自己同一_cleaned,7845,732,28.49,1.222,0.0312,0.0312,0.2705,0.1564,0.0163,0.0089,"自己, 世界, 矛盾, 同一, 作る, 形成, 現在, 自身, 個物, 絶対","T0: 自己, 世界, 矛盾, 同一, 作る | T1: 一旦, 欠ける, 仕事, できるだけ, 根源 | T2: 意識, 統一, 自己, 経験, 実在",0,1.417408858788051,-0.7290148734398365,6.508058,7.250306
西田 幾多郎,2_善の研究_cleaned,20102,2416,34.04,1.303,0.0385,0.0385,0.2635,0.1494,0.012,0.0224,"意識, 統一, 自己, 経験, 実在, 意志, 現象, 由る, 作用, 事実","T0: 自己, 世界, 矛盾, 同一, 作る | T1: 一旦, 欠ける, 仕事, できるだけ, 根源 | T2: 意識, 統一, 自己, 経験, 実在",0,2.0018110108731255,-1.5417343251053093,7.939543,4.4910545
樋口 一葉,5_たけくらべ_cleaned,4684,2518,293.65,22.409,0.1767,0.1767,0.2616,0.1265,0.0254,0.0164,"美登利, 己れ, 長吉, さま, 我が, 誰れ, 我れ, 横町, 喧嘩, 宜い","T0: 侍る, あはれ, こゝろ, 少納言, 式部 | T1: 美登利, 己れ, 長吉, さま, 我が | T2: 我れ, 無し, 給ふ, 御座る, 我が",1,0.07393367764844198,1.1133914863657002,-7.120139,3.7475512
樋口 一葉,1_暁月夜_cleaned,2081,1228,531.11,46.158,0.1923,0.1923,0.2802,0.1185,0.0262,0.0168,"我れ, 給ふ, 願ふ, 甚之助, 我が, 無し, ゆゑ, 歸る, 如何, 何ごと","T0: 侍る, あはれ, こゝろ, 少納言, 式部 | T1: 美登利, 己れ, 長吉, さま, 我が | T2: 我れ, 無し, 給ふ, 御座る, 我が",1,-0.2411507509772402,1.970629233326709,-6.9555674,4.4223576
樋口 一葉,2_うつせみ_cleaned,1097,766,198.32,13.893,0.226,0.226,0.2287,0.1437,0.0252,0.0227,"御座る, 悪い, 雪子, 癒る, 宜い, 入れる, 無し, かかる, 両親, 有り","T0: 侍る, あはれ, こゝろ, 少納言, 式部 | T1: 美登利, 己れ, 長吉, さま, 我が | T2: 我れ, 無し, 給ふ, 御座る, 我が",2,-1.7140120134777632,0.591682473434441,-6.1559057,0.9175197
樋口 一葉,4_大つごもり_cleaned,1441,968,222.29,16.71,0.2294,0.2294,0.2847,0.1149,0.0196,0.0136,"無し, 伯父, さま, 歸る, 御新造, 我が, 我れ, ひる, 下す, 石之助","T0: 侍る, あはれ, こゝろ, 少納言, 式部 | T1: 美登利, 己れ, 長吉, さま, 我が | T2: 我れ, 無し, 給ふ, 御座る, 我が",1,0.142275254524616,2.881439101859378,-5.879685,6.572617
樋口 一葉,3_さをのしづく_cleaned,728,526,3062.0,0.0,0.289,0.289,0.2649,0.1447,0.0199,0.0261,"侍る, あはれ, 少納言, こゝろ, 式部, ゆく, 給ふ, ひる, 人々, ゆる","T0: 侍る, あはれ, こゝろ, 少納言, 式部 | T1: 美登利, 己れ, 長吉, さま, 我が | T2: 我れ, 無し, 給ふ, 御座る, 我が",1,-1.6523439607233388,1.694634117084742,-2.360038,5.299524
有島 武郎,3_お末の死_cleaned,2193,1308,29.27,1.211,0.1585,0.1585,0.2298,0.1476,0.0195,0.0212,"而して, 死ぬ, 飲む, 帰る, 不景気, 泣く, 何時, 自分, 食べる, 言葉","T0: 彼れ, 自分, 小屋, 漁夫, 生活 | T1: 自分, 監督, 矢部, 言葉, 而して | T2: 生活, 然し, 個性, 本能, 人間",2,-0.6849575926553909,-0.15811119714099814,0.4239003,-1.8496648
有島 武郎,1_生まれいずる悩み_cleaned,7429,3506,28.36,1.13,0.1341,0.1341,0.2146,0.1483,0.0254,0.0236,"漁夫, 自分, 生活, 自然, さびしい, 切る, 大きな, 言葉, おれ, スケッチ","T0: 彼れ, 自分, 小屋, 漁夫, 生活 | T1: 自分, 監督, 矢部, 言葉, 而して | T2: 生活, 然し, 個性, 本能, 人間",2,-0.4334611489478101,-1.2392736917109943,3.0418065,-2.7483828
有島 武郎,2_惜みなく愛は奪う_cleaned,12324,3450,23.03,0.745,0.0802,0.0802,0.2246,0.1427,0.0193,0.0187,"生活, 然し, 個性, 本能, 人間, 凡て, 外界, 或る, 社会, 愛する","T0: 彼れ, 自分, 小屋, 漁夫, 生活 | T1: 自分, 監督, 矢部, 言葉, 而して | T2: 生活, 然し, 個性, 本能, 人間",2,0.9877449125772785,-1.2576326278071723,4.947892,-0.7133808
有島 武郎,4_親子_cleaned,2700,1580,29.48,0.941,0.1593,0.1593,0.1909,0.1511,0.0185,0.0275,"監督, 矢部, 自分, 農場, 言葉, 気持ち, 作人, 早田, 仕事, 事務所","T0: 彼れ, 自分, 小屋, 漁夫, 生活 | T1: 自分, 監督, 矢部, 言葉, 而して | T2: 生活, 然し, 個性, 本能, 人間",2,-1.3025345375811217,-1.1081570845962685,-0.9646342,-4.1689696
有島 武郎,5_カインの末裔_cleaned,4974,2569,22.12,0.458,0.1563,0.1563,0.2285,0.1546,0.0187,0.0222,"彼れ, 小屋, 笠井, 自分, 帳場, 歩く, 農場, 這入る, やがて, 帰る","T0: 彼れ, 自分, 小屋, 漁夫, 生活 | T1: 自分, 監督, 矢部, 言葉, 而して | T2: 生活, 然し, 個性, 本能, 人間",2,-0.3372977634667043,-0.6746689646782905,1.2721459,-2.9833083
森 鴎外,5_田舎_cleaned,1972,1083,21.13,0.764,0.1409,0.1409,0.1932,0.1551,0.0126,0.0242,"手紙, 自分, オオビュルナン, 存ずる, 分かる, イソダン, マドレエヌ, 先生, 知れる, ピエエルオオビュルナン","T0: 蘭軒, 茶山, 柏軒, 至る, 先生 | T1: 自分, 殉死, 阿部, 数馬, 死ぬ | T2: プラトン, 新聞, 編輯, 長官, 夫人",2,-0.8001971065983695,-1.0708909798925623,-0.052395098,-4.8697886
森 鴎外,1_あそび_cleaned,1363,764,19.54,1.025,0.1646,0.1646,0.2124,0.1662,0.018,0.0233,"為事, 読む, 書類, 心持, 遊び, 自分, 脚本, 課長, 文芸, 情調","T0: 蘭軒, 茶山, 柏軒, 至る, 先生 | T1: 自分, 殉死, 阿部, 数馬, 死ぬ | T2: プラトン, 新聞, 編輯, 長官, 夫人",2,-1.3303407375496796,-0.9589765682738707,0.92471206,-5.218442
森 鴎外,4_板ばさみ_cleaned,2094,1108,15.26,0.73,0.1563,0.1563,0.2135,0.1423,0.0172,0.0245,"プラトン, 新聞, 編輯, 長官, 夫人, 記事, 学士, 悪い, 記者, 自分","T0: 蘭軒, 茶山, 柏軒, 至る, 先生 | T1: 自分, 殉死, 阿部, 数馬, 死ぬ | T2: プラトン, 新聞, 編輯, 長官, 夫人",2,-0.8336910082182832,-0.3032775503862246,-0.6623495,-1.8814296
森 鴎外,3_伊沢蘭軒_cleaned,79702,18963,16.17,0.628,0.0634,0.0634,0.379,0.1006,0.0063,0.011,"蘭軒, 茶山, 柏軒, 至る, 先生, 山陽, 霞亭, 十一, 十二, 棠軒","T0: 蘭軒, 茶山, 柏軒, 至る, 先生 | T1: 自分, 殉死, 阿部, 数馬, 死ぬ | T2: プラトン, 新聞, 編輯, 長官, 夫人",0,11.615434456187714,-0.6188806769061801,4.4740524,2.4352462
森 鴎外,2_阿部一族_cleaned,4345,2077,23.53,1.138,0.1485,0.1485,0.2601,0.1528,0.011,0.0163,"殉死, 阿部, 数馬, 死ぬ, 長十郎, 自分, 光尚, 切腹, 太夫, 一族","T0: 蘭軒, 茶山, 柏軒, 至る, 先生 | T1: 自分, 殉死, 阿部, 数馬, 死ぬ | T2: プラトン, 新聞, 編輯, 長官, 夫人",1,0.7373377553940781,0.22270393280132858,4.2658114,7.2216997
石川 啄木,1_足跡_cleaned,2366,1199,23.49,1.433,0.148,0.148,0.2424,0.124,0.0179,0.0181,"先生, 孝子, 校長, 生徒, 然う, 秋野, 学校, 安藤, 東川, 自分","T0: 革命, 菊池, 新聞, 事件, 毎日 | T1: 我が, 世界, 天地, 然も, あゝ | T2: 先生, 孝子, 校長, 死ぬ, ゆく",1,0.08192341376715497,0.8981046658406203,-4.2264185,4.3049965
石川 啄木,5_閑天地_cleaned,4351,2626,34.05,2.114,0.2147,0.2147,0.2995,0.1153,0.0149,0.0223,"我が, 世界, 天地, 然も, あゝ, 至る, 斯く, 而して, 帽子, 若し","T0: 革命, 菊池, 新聞, 事件, 毎日 | T1: 我が, 世界, 天地, 然も, あゝ | T2: 先生, 孝子, 校長, 死ぬ, ゆく",1,0.7790255751543869,2.336675041028004,-2.285283,7.672582
石川 啄木,2_菊池君_cleaned,3291,1722,31.69,2.37,0.1483,0.1483,0.2366,0.1181,0.0196,0.0206,"菊池, 毎日, 新聞, 市子, モウ, 編輯, 釧路, 社長, 小松, 然う","T0: 革命, 菊池, 新聞, 事件, 毎日 | T1: 我が, 世界, 天地, 然も, あゝ | T2: 先生, 孝子, 校長, 死ぬ, ゆく",1,0.025925966319711693,0.7978732972371348,-4.403752,3.9908552
石川 啄木,3_A LETTER FROM PRISON_cleaned,3715,1603,44.83,2.143,0.1291,0.1291,0.2484,0.1026,0.009,0.0198,"革命, 事件, 對す, 運動, 自由, 暴力, 爲め, 思想, 無政府主義者, 主義","T0: 革命, 菊池, 新聞, 事件, 毎日 | T1: 我が, 世界, 天地, 然も, あゝ | T2: 先生, 孝子, 校長, 死ぬ, ゆく",1,1.2282407526479975,1.5319788442792985,1.3168919,8.070976
石川 啄木,4_一握の砂_cleaned,2629,1492,1024.0,0.091,0.1909,0.1909,0.2606,0.1389,0.0268,0.0133,"ふるさと, ゆく, 死ぬ, 汽車, こころ, 泣く, かなしみ, ひる, あはれ, 聴く","T0: 革命, 菊池, 新聞, 事件, 毎日 | T1: 我が, 世界, 天地, 然も, あゝ | T2: 先生, 孝子, 校長, 死ぬ, ゆく",1,-0.472292934460857,1.1037065515106697,-7.670188,2.967562
田山 花袋,5_一兵卒_cleaned,1775,1018,17.4,0.75,0.1932,0.1932,0.2271,0.1412,0.0343,0.0244,"苦しい, 兵士, 長い, 聞こえる, 歩く, 脚気, 重い, 汽車, 戦争, 苦痛","T0: 木曾, さま, 深い, 高い, 山中 | T1: 苦しい, 兵士, 長い, 聞こえる, 歩く | T2: 深い, 世話人, 長い, 不思議, 自分",2,-2.102748561263703,-0.0011667206734436253,-7.6042767,-0.38120297
田山 花袋,2_朝_cleaned,1332,785,25.38,1.05,0.1813,0.1813,0.2414,0.1376,0.0233,0.0203,"老人, 船頭, 主婦, 少年, 家族, 暑い, 長い, 人々, 大きな, 高い","T0: 木曾, さま, 深い, 高い, 山中 | T1: 苦しい, 兵士, 長い, 聞こえる, 歩く | T2: 深い, 世話人, 長い, 不思議, 自分",1,-0.9527396327360592,0.6321689594582575,-5.955294,1.790823
田山 花袋,4_ある日_cleaned,926,573,31.54,1.885,0.1539,0.1539,0.1858,0.1275,0.0241,0.0369,"深い, 本当, じつと, 若い, 長い, 考ふ, 考へる, 思ひ出す, 伯父, 死ぬ","T0: 木曾, さま, 深い, 高い, 山中 | T1: 苦しい, 兵士, 長い, 聞こえる, 歩く | T2: 深い, 世話人, 長い, 不思議, 自分",2,-2.2028366917911617,-0.8265560445318184,-5.1675963,-6.899485
田山 花袋,1_秋の岐蘇路_cleaned,1641,954,35.22,2.223,0.2166,0.2166,0.282,0.1189,0.0223,0.0258,"木曾, 多し, 山中, 殆ど, 美し, 甚だ, 木曾川, さま, 高い, 語る","T0: 木曾, さま, 深い, 高い, 山中 | T1: 苦しい, 兵士, 長い, 聞こえる, 歩く | T2: 深い, 世話人, 長い, 不思議, 自分",1,-0.6769843492571436,1.9308417819126742,-3.36243,6.4132624
田山 花袋,3_ある僧の奇蹟_cleaned,4262,1822,22.07,1.011,0.1096,0.1096,0.2256,0.1319,0.0214,0.0208,"世話人, 深い, 不思議, 自分, 本堂, 長い, 読経, 庫裡, 生活, 上さん","T0: 木曾, さま, 深い, 高い, 山中 | T1: 苦しい, 兵士, 長い, 聞こえる, 歩く | T2: 深い, 世話人, 長い, 不思議, 自分",2,-0.08922155070962477,-0.3230331759901866,-3.258838,-0.8656969
伊藤 左千夫,2_去年_cleaned,2400,1316,24.38,1.0,0.1712,0.1712,0.2152,0.1519,0.0259,0.03,"自分, 友人, 死ぬ, 多い, 子ども, 境遇, 解する, 一時, 夫婦, 人間","T0: 自分, 友人, 死ぬ, 多い, 子ども | T1: 自分, 小室, 都夫, 眞奈, 私部 | T2: 子ども, ふたり, お父さん, なつかしい, 帰る",2,-1.8535196496122317,-0.9148233393101244,-2.7050405,-7.933191
伊藤 左千夫,4_古代之少女_cleaned,5126,2261,27.64,1.092,0.1312,0.1312,0.2823,0.1284,0.0208,0.0221,"小室, 都夫, 眞奈, 自分, 私部, 若殿, 從ふ, 領主, 對す, 感情","T0: 自分, 友人, 死ぬ, 多い, 子ども | T1: 自分, 小室, 都夫, 眞奈, 私部 | T2: 子ども, ふたり, お父さん, なつかしい, 帰る",1,0.5142796092306955,0.6656683745914127,-5.2546563,3.3387299
伊藤 左千夫,5_水害雑録_cleaned,1831,1013,25.89,1.106,0.1888,0.1888,0.2796,0.1371,0.0218,0.0201,"自分, 乳牛, 避難, 豪雨, 時間, 考へる, 進む, 奮鬪, 卑い, 多い","T0: 自分, 友人, 死ぬ, 多い, 子ども | T1: 自分, 小室, 都夫, 眞奈, 私部 | T2: 子ども, ふたり, お父さん, なつかしい, 帰る",1,-0.41673211973019514,1.2398920559254656,-6.2223983,2.88085
伊藤 左千夫,1_落穂_cleaned,1247,744,22.37,0.908,0.1947,0.1947,0.2133,0.1466,0.0308,0.0354,"自分, 女房, 新兵衛, 寂しい, なつかしい, 気持ち, 産土, イナゴ, 変わる, 記憶","T0: 自分, 友人, 死ぬ, 多い, 子ども | T1: 自分, 小室, 都夫, 眞奈, 私部 | T2: 子ども, ふたり, お父さん, なつかしい, 帰る",2,-2.7577689358720647,-0.7680876299154995,-3.7503057,-8.3889675
伊藤 左千夫,3_紅黄録_cleaned,1244,834,27.31,1.139,0.2169,0.2169,0.2237,0.129,0.0258,0.0364,"子ども, ふたり, お父さん, なつかしい, あァ, 夫婦, 子どもたち, 話す, 帰る, 早い","T0: 自分, 友人, 死ぬ, 多い, 子ども | T1: 自分, 小室, 都夫, 眞奈, 私部 | T2: 子ども, ふたり, お父さん, なつかしい, 帰る",2,-2.246088912652328,0.2598543549167949,-4.641339,-7.791819
中島 敦,2_環礁_cleaned,5541,2797,25.53,1.446,0.1499,0.1499,0.2378,0.1316,0.0243,0.0252,"島民, マリヤン, ナポレオン, パラオ, 少年, 警官, 内地, 白い, 先刻, 歩く","T0: 悟空, 自分, 言葉, 八戒, あまり | T1: 悟浄, 自分, 世界, 自己, 妖怪 | T2: 島民, 自分, マリヤン, ナポレオン, 人間",2,-0.3460929538106659,-0.11650386382932945,-5.3109727,-0.7801237
中島 敦,1_かめれおん日記_cleaned,2775,1645,27.81,1.71,0.1804,0.1804,0.2536,0.1252,0.02,0.0232,"自分, 學校, 教師, 人間, カメレオン, 考へる, 生徒, 自己, 同じ, 考ふ","T0: 悟空, 自分, 言葉, 八戒, あまり | T1: 悟浄, 自分, 世界, 自己, 妖怪 | T2: 島民, 自分, マリヤン, ナポレオン, 人間",1,-0.30820214427573495,1.0137380414694463,-4.192848,3.058783
中島 敦,3_虎狩_cleaned,3324,1753,30.54,1.987,0.1401,0.1401,0.2047,0.1382,0.0188,0.0313,"自分, 言葉, 父親, 虎狩, 時間, 眺める, 歩く, 天幕, 黙る, 解る","T0: 悟空, 自分, 言葉, 八戒, あまり | T1: 悟浄, 自分, 世界, 自己, 妖怪 | T2: 島民, 自分, マリヤン, ナポレオン, 人間",2,-1.0162313658594972,-0.9071561570762581,-3.2769203,-4.208592
中島 敦,4_悟浄出世_cleaned,2732,1592,24.86,1.679,0.1796,0.1796,0.2221,0.1364,0.0216,0.0244,"悟浄, 自分, 世界, 自己, 妖怪, ゆえ, 美しい, 解る, 先生, 弟子","T0: 悟空, 自分, 言葉, 八戒, あまり | T1: 悟浄, 自分, 世界, 自己, 妖怪 | T2: 島民, 自分, マリヤン, ナポレオン, 人間",2,-0.9583602942048328,0.11788432894126727,-4.2726746,0.4120197
中島 敦,5_悟浄歎異_cleaned,1834,1167,23.79,1.421,0.2027,0.2027,0.2265,0.1351,0.0238,0.0254,"悟空, 八戒, 自分, 師父, 法師, 如来, 妖怪, 違い, あまり, 世界","T0: 悟空, 自分, 言葉, 八戒, あまり | T1: 悟浄, 自分, 世界, 自己, 妖怪 | T2: 島民, 自分, マリヤン, ナポレオン, 人間",2,-1.3887659448931573,0.44668233669325935,-5.183854,0.6823501
泉 鏡花,3_麻を刈る_cleaned,2010,1444,25.4,2.296,0.2451,0.2451,0.2931,0.1006,0.0162,0.0206,"車夫, 先生, 掛ける, 敦賀, 然う, 食ふ, 蕎麥, 越す, 金澤, 落ちる","T0: 主人, 然う, 掛ける, 白い, 鳴く | T1: 民也, 汽車, 然う, あゝ, 掛ける | T2: 夫人, 廉平, 先生, 高い, 悪い",1,0.3261723504260137,3.326275211142093,-3.7584693,7.815842
泉 鏡花,4_雨ふり_cleaned,1257,940,22.54,2.014,0.2468,0.2468,0.2577,0.108,0.0159,0.0215,"汽車, 靜岡, あゝ, 赤帽, 覗く, 修善寺, 富士, 時間, 私たち, 臭い","T0: 主人, 然う, 掛ける, 白い, 鳴く | T1: 民也, 汽車, 然う, あゝ, 掛ける | T2: 夫人, 廉平, 先生, 高い, 悪い",1,-0.3258418053641476,2.6538680974846605,-4.071255,7.4995193
泉 鏡花,5_霰ふる_cleaned,1043,724,33.31,3.312,0.2109,0.2109,0.2517,0.099,0.0229,0.017,"民也, 開ける, 高い, 板の間, 降る, 逢ふ, 白い, 讀む, 寂しい, 可恐い","T0: 主人, 然う, 掛ける, 白い, 鳴く | T1: 民也, 汽車, 然う, あゝ, 掛ける | T2: 夫人, 廉平, 先生, 高い, 悪い",1,-0.3392316329781615,2.6021578657127256,-5.176244,6.600282
泉 鏡花,1_悪獣篇_cleaned,5004,2472,28.42,3.089,0.1373,0.1373,0.2122,0.1201,0.0215,0.0259,"夫人, 廉平, 先生, 高い, 悪い, 身体, 浦子, 早い, 漕ぐ, 叔母","T0: 主人, 然う, 掛ける, 白い, 鳴く | T1: 民也, 汽車, 然う, あゝ, 掛ける | T2: 夫人, 廉平, 先生, 高い, 悪い",2,-0.32071717567325686,-0.12516564056093135,-4.426684,-1.4931003
泉 鏡花,2_浅茅生_cleaned,1884,1116,39.09,4.0,0.1556,0.1556,0.2223,0.105,0.0168,0.02,"主人, 然う, 掛ける, 鳴く, 白い, 屋根, 黒い, 自分, 坊主, 掛る","T0: 主人, 然う, 掛ける, 白い, 鳴く | T1: 民也, 汽車, 然う, あゝ, 掛ける | T2: 夫人, 廉平, 先生, 高い, 悪い",1,0.0198993591808113,1.3225150646030128,-4.3596535,5.164622
小林 多喜二,4_党生活者_cleaned,8704,2875,27.36,1.395,0.0828,0.0828,0.2121,0.1485,0.0131,0.0212,"須山, 自分, 工場, 仕事, 笠原, 生活, 私たち, 帰る, 同志, ビラ","T0: 漁夫, 監督, 身体, 然し, 自分 | T1: 何に, かけ寄る, 伏せる, 身振り, ふける | T2: 工場, 自分, 然し, 須山, 職工",2,0.7343679593264992,-1.4422834711017924,5.7173705,-1.5800686
小林 多喜二,5_独房_cleaned,2347,1271,22.13,1.382,0.1546,0.1546,0.2043,0.144,0.017,0.0215,"看守, 独房, 同志, 自分, 長い, 身体, 自動車, 然し, 監房, 歩く","T0: 漁夫, 監督, 身体, 然し, 自分 | T1: 何に, かけ寄る, 伏せる, 身振り, ふける | T2: 工場, 自分, 然し, 須山, 職工",2,-0.7158683382610629,-0.3789386734299188,-0.005931258,-2.2918959
小林 多喜二,3_一九二八年三月十五日_cleaned,5408,2223,20.93,1.264,0.0974,0.0974,0.2219,0.1306,0.0148,0.0202,"自分, 然し, 巡査, 組合, 氣持, 工藤, 運動, 石田, 歩く, 勞働","T0: 漁夫, 監督, 身体, 然し, 自分 | T1: 何に, かけ寄る, 伏せる, 身振り, ふける | T2: 工場, 自分, 然し, 須山, 職工",1,0.5992938434209552,-0.3708725894074233,6.3212395,-1.0385541
小林 多喜二,1_蟹工船_cleaned,8744,3387,22.09,1.603,0.106,0.106,0.2093,0.146,0.0177,0.0219,"漁夫, 監督, 身体, 然し, 仕事, 自分, 船長, 学生, 川崎, 働く","T0: 漁夫, 監督, 身体, 然し, 自分 | T1: 何に, かけ寄る, 伏せる, 身振り, ふける | T2: 工場, 自分, 然し, 須山, 職工",2,0.3698888431609272,-1.3210813975791196,4.509196,-1.4995732
小林 多喜二,2_工場細胞_cleaned,8814,3393,19.12,0.988,0.1031,0.1031,0.2186,0.1345,0.0149,0.0207,"工場, 職工, 河田, 然し, 自分, 労働者, 女工, 会社, 専務, 仕事","T0: 漁夫, 監督, 身体, 然し, 自分 | T1: 何に, かけ寄る, 伏せる, 身振り, ふける | T2: 工場, 自分, 然し, 須山, 職工",2,0.8952687216300644,-0.7213591535996688,6.0192533,-0.93481666
寺田 寅彦,2_伊香保_cleaned,1445,999,31.69,0.926,0.2396,0.2396,0.2837,0.1315,0.0183,0.026,"バス, 宿屋, 階段, 山腹, 伊香保, 温泉, 自分, 未だ, 美しい, 廊下","T0: 太陽, 地球, 遊星, 宇宙, 考え | T1: 仕事, アインシュタイン, 問題, 人間, 学者 | T2: 映画, モンタジュ, 現われる, 観客, 芸術",1,-0.7133915709704571,1.8356179060624302,-2.365008,6.1150026
寺田 寅彦,1_アインシュタイン_cleaned,1921,1221,26.23,0.646,0.204,0.204,0.2513,0.139,0.0175,0.0229,"仕事, アインシュタイン, 問題, 学者, 物理学, 自身, 人間, おそらく, 極めて, 数学","T0: 太陽, 地球, 遊星, 宇宙, 考え | T1: 仕事, アインシュタイン, 問題, 人間, 学者 | T2: 映画, モンタジュ, 現われる, 観客, 芸術",1,-0.6247000896138701,0.8902994593886193,-3.3191936,2.4497912
寺田 寅彦,4_映画芸術_cleaned,4400,1910,34.13,0.878,0.1522,0.1522,0.2836,0.1413,0.01,0.0237,"映画, モンタジュ, 芸術, 連句, 効果, 観客, 画面, いろいろ, いわゆる, 問題","T0: 太陽, 地球, 遊星, 宇宙, 考え | T1: 仕事, アインシュタイン, 問題, 人間, 学者 | T2: 映画, モンタジュ, 現われる, 観客, 芸術",1,0.7483781916066292,0.655234737720971,2.1007183,6.397087
寺田 寅彦,3_宇宙の始まり_cleaned,27185,5713,34.86,1.212,0.0649,0.0649,0.2747,0.138,0.0121,0.0236,"太陽, 地球, 遊星, 宇宙, 考え, 関する, 温度, 恒星, 物質, 星雲","T0: 太陽, 地球, 遊星, 宇宙, 考え | T1: 仕事, アインシュタイン, 問題, 人間, 学者 | T2: 映画, モンタジュ, 現われる, 観客, 芸術",0,3.175897426757176,-1.2953037568337573,7.4404216,2.8347137
寺田 寅彦,5_映画雑感（Ⅰ）_cleaned,4775,2278,33.52,0.853,0.1576,0.1576,0.2604,0.1415,0.0162,0.0305,"映画, 現われる, おもしろい, 同じ, 観客, 人間, 自分, われわれ, シン, おそらく","T0: 太陽, 地球, 遊星, 宇宙, 考え | T1: 仕事, アインシュタイン, 問題, 人間, 学者 | T2: 映画, モンタジュ, 現われる, 観客, 芸術",2,-0.1930871626979391,-0.09530727031898442,-0.15885875,1.1305046
福沢 諭吉,4_学問の独立_cleaned,3562,1447,49.95,3.945,0.1468,0.1468,0.2867,0.1191,0.0085,0.0255,"学問, 政治, 学者, 学校, 政府, 社会, 政事, 教育, 帝室, 政治家","T0: 政府, 人民, ゆえ, 独立, 至る | T1: 捕縛, 送る, 免かれる, 擯斥, 妙計 | T2: 政府, 婦人, 学者, 学問, 男子",1,0.9688105033547251,1.4189620389314068,0.8963329,6.814248
福沢 諭吉,2_学者安心論_cleaned,2220,1015,31.96,2.253,0.1648,0.1648,0.2727,0.127,0.009,0.0234,"政府, 人民, 学者, 改進, ゆえ, 然り, 反射, 我が, いたる, 交際","T0: 政府, 人民, ゆえ, 独立, 至る | T1: 捕縛, 送る, 免かれる, 擯斥, 妙計 | T2: 政府, 婦人, 学者, 学問, 男子",1,0.5142035761568542,1.3235262190790524,0.84765023,6.1319547
福沢 諭吉,1_女大学評論_cleaned,5434,2105,36.01,1.708,0.1373,0.1373,0.3067,0.1199,0.0142,0.0191,"婦人, 男子, 女子, 我輩, 父母, 去る, 男女, 自から, 教訓, 大学","T0: 政府, 人民, ゆえ, 独立, 至る | T1: 捕縛, 送る, 免かれる, 擯斥, 妙計 | T2: 政府, 婦人, 学者, 学問, 男子",1,1.4206758010878888,1.6309058173372986,0.37705326,7.210099
福沢 諭吉,5_旧藩情_cleaned,2470,1256,42.88,2.797,0.1857,0.1857,0.3175,0.1091,0.009,0.0235,"士族, 下士, 或は, 学校, 下等, 上等, 自から, 藩地, 門閥, 多し","T0: 政府, 人民, ゆえ, 独立, 至る | T1: 捕縛, 送る, 免かれる, 擯斥, 妙計 | T2: 政府, 婦人, 学者, 学問, 男子",1,1.1417772915526896,2.726241493364301,-0.38570294,7.8817244
福沢 諭吉,3_学問のすすめ_cleaned,14673,3740,35.86,2.152,0.0839,0.0839,0.2836,0.1356,0.0118,0.0232,"政府, 人民, 独立, ゆえ, 至る, 働き, 文明, 学問, 人間, みずから","T0: 政府, 人民, ゆえ, 独立, 至る | T1: 捕縛, 送る, 免かれる, 擯斥, 妙計 | T2: 政府, 婦人, 学者, 学問, 男子",0,2.114606859007473,-0.3451815115970886,7.0237937,3.9789119
江戸川 乱歩,4_悪霊_cleaned,5148,2275,32.73,2.244,0.1255,0.1255,0.2202,0.123,0.0217,0.0235,"姉崎, 先生, 黒川, 事件, 夫人, 熊浦, 乞食, 犯人, 女中, 意味","T0: 博士, 川手, 宗像, 犯人, 指紋 | T1: 姉崎, 先生, 黒川, 事件, 夫人 | T2: 綾子, 部屋, 青年, 犯人, 小林",2,-0.13225577137174616,-0.11930741064926972,-4.1897287,-1.1361681
江戸川 乱歩,5_暗黒星_cleaned,12717,3676,24.85,1.597,0.0717,0.0717,0.1977,0.1339,0.0184,0.0261,"綾子, 部屋, 青年, 犯人, 刑事, 書生, 恐ろしい, 怪物, 北森, はいる","T0: 博士, 川手, 宗像, 犯人, 指紋 | T1: 姉崎, 先生, 黒川, 事件, 夫人 | T2: 綾子, 部屋, 青年, 犯人, 小林",2,0.6344585316888113,-1.7703619395312835,4.584716,-0.14500535
江戸川 乱歩,3_悪魔の紋章_cleaned,22444,5728,26.2,1.868,0.0673,0.0673,0.2069,0.132,0.0178,0.0267,"博士, 川手, 宗像, 犯人, 指紋, 助手, 小池, 事件, 知れる, 部屋","T0: 博士, 川手, 宗像, 犯人, 指紋 | T1: 姉崎, 先生, 黒川, 事件, 夫人 | T2: 綾子, 部屋, 青年, 犯人, 小林",0,1.7717889445395563,-2.1046433378999407,5.3213105,0.6970965
江戸川 乱歩,2_赤い部屋_cleaned,2410,1377,33.82,2.057,0.1538,0.1538,0.1917,0.1317,0.0182,0.0335,"退屈, 殺す, 殺人, 友達, 部屋, 知れる, 相違, 赤い, 医院, 方法","T0: 博士, 川手, 宗像, 犯人, 指紋 | T1: 姉崎, 先生, 黒川, 事件, 夫人 | T2: 綾子, 部屋, 青年, 犯人, 小林",2,-1.355341560900619,-0.7375994236826677,-4.035082,-4.949201
江戸川 乱歩,1_赤いカブトムシ_cleaned,3051,1039,18.38,1.709,0.0978,0.0978,0.1859,0.1207,0.0174,0.0299,"小林, カブトムシ, ユウ, たんてい, はかせ, あな, まほう, 井上, おそろしい, ノロ","T0: 博士, 川手, 宗像, 犯人, 指紋 | T1: 姉崎, 先生, 黒川, 事件, 夫人 | T2: 綾子, 部屋, 青年, 犯人, 小林",2,-0.7183097626507006,-0.8322796736552351,-4.790995,-3.538163
島崎 藤村,1_嵐_cleaned,4598,1918,22.63,1.104,0.1045,0.1045,0.2137,0.139,0.0203,0.0218,"子供, 自分, 末子, とうさん, 私たち, 茶の間, 部屋, 帰る, 新しい, そば","T0: 自分, 子供, 部屋, 一緒, 帰る | T1: 子供, 少年, 自分, 豐田, ひる | T2: 馬車, 馬丁, 眺める, 内儀, 逢ふ",2,-0.2116479196601112,-0.8259109862964371,2.3083029,-1.1015359
島崎 藤村,3_家_cleaned,16618,4252,26.96,1.4,0.0625,0.0625,0.2228,0.144,0.0177,0.0219,"自分, 子供, 一緒, 豊世, 達雄, 曾根, 帰る, 笑う, 部屋, 眺める","T0: 自分, 子供, 部屋, 一緒, 帰る | T1: 子供, 少年, 自分, 豐田, ひる | T2: 馬車, 馬丁, 眺める, 内儀, 逢ふ",0,1.4116998274956345,-1.8298051352213558,5.5281253,-0.030441366
島崎 藤村,2_ある女の生涯_cleaned,4159,1681,28.47,1.213,0.1057,0.1057,0.2228,0.1438,0.0196,0.0211,"自分, 旦那, 熊吉, 小山, 部屋, 直次, 見せる, 看護婦, 養生, 蜂谷","T0: 自分, 子供, 部屋, 一緒, 帰る | T1: 子供, 少年, 自分, 豐田, ひる | T2: 馬車, 馬丁, 眺める, 内儀, 逢ふ",2,-0.18684604814915343,-0.7752789711520969,2.4617379,-1.2005502
島崎 藤村,5_伊豆の旅_cleaned,1387,798,17.24,0.654,0.1647,0.1647,0.2542,0.1133,0.0179,0.0151,"馬車, 馬丁, 眺める, 内儀, 歩く, 逢ふ, やがて, 女中, 汽船, 繪葉","T0: 自分, 子供, 部屋, 一緒, 帰る | T1: 子供, 少年, 自分, 豐田, ひる | T2: 馬車, 馬丁, 眺める, 内儀, 逢ふ",1,0.25439938166782594,1.8144861984167575,-4.87128,5.366743
島崎 藤村,4_幼き日_cleaned,4989,1992,30.07,1.253,0.1007,0.1007,0.2558,0.1123,0.0146,0.014,"子供, 少年, 自分, 豐田, ひる, 學校, 小父, 一緒, 歩く, 手紙","T0: 自分, 子供, 部屋, 一緒, 帰る | T1: 子供, 少年, 自分, 豐田, ひる | T2: 馬車, 馬丁, 眺める, 内儀, 逢ふ",1,1.4317318591218058,1.081350632342538,2.2304688,4.583545
